id_cuestionario,titulo,id_profesor
1,Sapiente cupiditate corrupti voluptas cumque.,1
2,Quibusdam aut ipsum aspernatur.,2
3,Fugit accusantium illum illum.,3
4,Sequi veniam consequatur.,4
5,Libero beatae illo.,5
6,Velit voluptatum.,6
7,Quam omnis.,7
8,Deleniti culpa illo hic a.,8
9,Magni harum non.,9
10,Asperiores quod voluptatibus.,10
11,Nostrum laudantium enim.,11
12,Quisquam corporis quis odio perferendis.,12
13,Architecto laudantium dolore illo.,13
14,Enim voluptas ullam.,14
15,Tempora tenetur assumenda.,15
16,Voluptatibus delectus natus alias.,16
17,Nulla eligendi dolor praesentium.,17
18,Nemo iusto labore.,18
19,Mollitia consequuntur quos ipsam eum.,19
20,Ullam consectetur.,20
21,Tenetur odit iste odio facere.,21
22,Quia cumque.,22
23,Accusantium placeat sed.,23
24,Est impedit vel totam repellat.,24
25,Deleniti atque.,25
26,Delectus corporis.,26
27,Maiores aut.,27
28,Architecto dignissimos.,28
29,Quam deleniti aliquam eos.,29
30,Similique perspiciatis aliquid.,30
31,Impedit culpa perferendis.,31
32,Reprehenderit non numquam doloremque omnis.,32
33,Distinctio quo laborum.,33
34,Quam eaque doloremque.,34
35,Assumenda vitae.,35
36,Voluptas iure amet.,36
37,Numquam omnis quaerat odio.,37
38,Qui blanditiis voluptates tenetur.,38
39,Deserunt non fugit incidunt amet.,39
40,Maiores quasi laboriosam adipisci.,40
41,Nulla odit ullam dolor iure.,41
42,Rerum explicabo vitae.,42
43,Sint provident quam.,43
44,Voluptatem tenetur veniam.,44
45,Hic mollitia quod ducimus.,45
46,Rerum accusamus.,46
47,Fugiat corporis.,47
48,Voluptatibus est.,48
49,Inventore ducimus inventore.,49
50,Sunt voluptatum exercitationem.,50
51,Mollitia culpa quidem eligendi.,51
52,Veniam nisi perferendis itaque.,52
53,Dolor velit a rem.,53
54,Modi aliquid vitae occaecati reprehenderit.,54
55,Quaerat doloremque repudiandae ea.,55
56,Velit dolore suscipit.,56
57,Perferendis beatae.,57
58,Inventore iusto deleniti placeat vitae.,58
59,Tempora odit magnam.,59
60,Suscipit laborum hic eligendi.,60
61,Voluptate beatae fugiat.,61
62,Ipsam id debitis in ipsam.,62
63,Illo laudantium ad.,63
64,Vel earum recusandae rem.,64
65,Sequi dignissimos ad sapiente inventore.,65
66,Vel qui odit cumque quae.,66
67,Occaecati temporibus amet ratione.,67
68,Nam quos.,68
69,Aliquid minus reprehenderit.,69
70,Dicta totam tempore.,70
71,Numquam impedit est.,71
72,Officiis rem.,72
73,Ullam laborum deserunt veniam.,73
74,Voluptas placeat ullam non.,74
75,Molestias inventore labore explicabo officia.,75
76,Odit veniam quasi quaerat.,76
77,Quia voluptates earum.,77
78,Voluptatem et rem.,78
79,Porro facere.,79
80,Laudantium reprehenderit alias.,80
81,Ipsam quos ex.,81
82,Fugit nesciunt facilis.,82
83,Itaque in eligendi.,83
84,Alias saepe voluptatum illo dicta.,84
85,Veniam voluptate atque occaecati.,85
86,Suscipit ea quo ea.,86
87,Eos sed nihil.,87
88,Facilis optio consectetur.,88
89,Vero harum architecto reprehenderit.,89
90,Soluta corrupti expedita alias.,90
91,Magnam amet commodi.,91
92,Sapiente repudiandae soluta minima.,92
93,Quia in assumenda atque ipsum.,93
94,Earum perferendis sunt.,94
95,Cum doloribus dicta vitae dolorum.,95
96,Iusto sunt nihil.,96
97,Fuga voluptate sit.,97
98,Ullam doloribus illo omnis.,98
99,Distinctio aperiam ex quam repellendus.,99
100,Tenetur id blanditiis itaque.,100
101,Sint vel praesentium.,101
102,A ipsum.,102
103,Error odio.,103
104,Voluptatibus quas temporibus quae.,104
105,Assumenda omnis.,105
106,Nobis ut possimus culpa.,106
107,Optio enim.,107
108,Quas voluptates.,108
109,Inventore voluptates ut veniam atque.,109
110,Natus autem voluptate officiis numquam.,110
111,Voluptates dicta doloremque.,111
112,Explicabo architecto non tempora.,112
113,Ut quae nostrum.,113
114,Itaque quia.,114
115,Laudantium impedit sed sunt ipsum.,115
116,Iusto perferendis placeat.,116
117,Recusandae rem quis dignissimos.,117
118,Natus ut animi.,118
119,Ex itaque molestias.,119
120,Sunt dolores illum non.,120
121,Tenetur nesciunt.,121
122,Atque ducimus aliquid quam.,122
123,Reprehenderit dignissimos nulla.,123
124,Aspernatur eius.,124
125,Est praesentium.,125
126,Eos tenetur aliquam nostrum commodi.,126
127,Maxime ut velit molestias asperiores.,127
128,Fugiat eaque quae labore.,128
129,Repellat dolore molestiae reiciendis.,129
130,Libero veritatis minus.,130
131,Fugiat ipsa distinctio.,131
132,Temporibus recusandae explicabo.,132
133,Consequuntur aliquam.,133
134,At quas recusandae delectus.,134
135,Similique fugit qui.,135
136,Dolor fugit aut.,136
137,Voluptatem commodi nesciunt laborum.,137
138,Corporis occaecati tenetur quibusdam dolore.,138
139,Inventore velit cumque sequi.,139
140,Libero distinctio reprehenderit.,140
141,Alias incidunt facilis aut nemo.,141
142,Iste placeat molestias recusandae minus.,142
143,Architecto fugiat qui.,143
144,Sint debitis pariatur.,144
145,Nemo facilis placeat.,145
146,Fuga quis at magni.,146
147,Sequi nisi quae ea.,147
148,Veritatis animi.,148
149,Aperiam beatae doloribus quod.,149
150,Aperiam soluta corrupti.,150
151,Voluptatem consequatur consectetur veritatis quis.,151
152,Blanditiis debitis ipsam.,152
153,Enim cupiditate perferendis voluptatibus tempora.,153
154,Dolores facere non.,154
155,Maxime facere culpa.,155
156,Aliquam occaecati dignissimos.,156
157,Officiis possimus iste iusto cupiditate.,157
158,Eligendi quod.,158
159,Accusantium expedita molestias.,159
160,Fuga ea.,160
161,Saepe veritatis maxime.,161
162,Quae soluta voluptas.,162
163,Repellat a pariatur magni.,163
164,Vero eaque odio deleniti.,164
165,Amet sapiente error porro.,165
166,Dicta veniam accusamus.,166
167,Incidunt qui magnam alias.,167
168,Quidem illo.,168
169,Harum sapiente maiores ut.,169
170,Blanditiis dolorem voluptates libero.,170
171,Eos beatae expedita reprehenderit quas.,171
172,Vel fugit culpa quos.,172
173,Quos minus totam.,173
174,Quas accusamus voluptate omnis.,174
175,Natus aperiam.,175
176,Doloribus blanditiis.,176
177,Vero qui magnam distinctio.,177
178,Aut molestias qui cupiditate.,178
179,Itaque molestias.,179
180,Deserunt quae cum.,180
181,Adipisci impedit ab dolorem.,181
182,Animi velit ratione non voluptatem.,182
183,Quo esse quia odio amet.,183
184,Provident soluta est laboriosam quidem.,184
185,Magnam porro atque.,185
186,Minima cum debitis cumque ducimus.,186
187,Aliquid ut.,187
188,Veniam voluptas.,188
189,Ab dolore.,189
190,Repudiandae modi mollitia dolores.,190
191,Impedit doloremque veritatis vel.,191
192,Placeat quod est.,192
193,Cumque aspernatur suscipit atque distinctio.,193
194,Reprehenderit quis dignissimos facere.,194
195,Placeat rem.,195
196,Laboriosam dolores.,196
197,Voluptatum natus natus ipsam temporibus.,197
198,Nemo similique provident.,198
199,Est neque iste animi.,199
200,Minima doloremque cum accusamus.,200
201,Exercitationem minus quae.,201
202,Sit ducimus qui.,202
203,Porro quae illo molestias.,203
204,Numquam suscipit a quidem.,204
205,Saepe incidunt laudantium sint culpa.,205
206,Nostrum veniam id.,206
207,Sunt praesentium ad aspernatur suscipit.,207
208,Quod sint reprehenderit tempora.,208
209,Accusamus temporibus tempora nam.,209
210,Labore esse placeat tempora repudiandae.,210
211,Amet tenetur ipsum.,211
212,Temporibus dolor incidunt.,212
213,Sapiente magni laborum.,213
214,Beatae quos quod ab sunt.,214
215,Officia aliquid.,215
216,Enim ratione quas minima labore.,216
217,Accusantium maiores molestias.,217
218,Quibusdam possimus.,218
219,Laboriosam soluta dicta voluptatum.,219
220,Repellat iure.,220
221,Est veritatis tenetur dignissimos in.,221
222,Cum voluptas.,222
223,Corrupti minus sed illum.,223
224,Placeat ipsum.,224
225,Eius explicabo.,225
226,Possimus dignissimos alias.,226
227,Deserunt sunt voluptate.,227
228,Vel magni.,228
229,Amet minima nisi voluptates.,229
230,Consequuntur hic cum magni eum.,230
231,Animi voluptas modi atque quibusdam.,231
232,Officia laborum aperiam dicta non.,232
233,Perferendis commodi maxime.,233
234,Odio aperiam repellat adipisci.,234
235,Perferendis nostrum.,235
236,Accusamus earum tempora.,236
237,Numquam reprehenderit maiores eligendi.,237
238,Fuga dolorem sunt doloremque.,238
239,Placeat eos quis recusandae voluptatum.,239
240,In aut veniam eius accusantium.,240
241,Ratione iure reprehenderit fugit.,241
242,Voluptatum consectetur consectetur consequatur sapiente.,242
243,Dignissimos in tenetur.,243
244,Sit fuga fuga reiciendis sint.,244
245,Quibusdam non tempora hic cumque.,245
246,Eaque rem temporibus esse.,246
247,Quas vitae cupiditate et laboriosam.,247
248,Eaque nulla labore.,248
249,Molestiae quos enim perspiciatis ea.,249
250,Fugiat ab sit.,250
251,Officia provident incidunt.,251
252,Odit eaque nesciunt quis.,252
253,Expedita nobis culpa.,253
254,Rem est officia aspernatur.,254
255,Soluta alias.,255
256,Fugiat iure quaerat nesciunt reprehenderit.,256
257,Adipisci dolor nostrum deleniti dolorem.,257
258,Perspiciatis cupiditate.,258
259,Enim similique eum quas voluptate.,259
260,Voluptate delectus laudantium.,260
261,Rerum dolore.,261
262,Nostrum fugiat numquam at.,262
263,Accusamus eum libero.,263
264,Dolores id labore eaque ad.,264
265,Exercitationem dolorum veniam laboriosam.,265
266,Animi dignissimos ea.,266
267,Accusamus rerum.,267
268,Quam eum sint perferendis.,268
269,Corporis animi et maxime.,269
270,Neque soluta.,270
271,Quae explicabo animi.,271
272,Blanditiis suscipit impedit alias harum.,272
273,Delectus sunt accusantium.,273
274,Ullam labore minus unde totam.,274
275,Rem dicta fugiat perspiciatis cumque.,275
276,Exercitationem dolorem quo.,276
277,Natus optio illo reiciendis.,277
278,Nam expedita voluptatibus.,278
279,Reprehenderit natus distinctio dolorum.,279
280,Accusamus cumque impedit quam.,280
281,Illo ipsa quae.,281
282,Voluptatibus eum est corrupti minima.,282
283,Eaque quaerat deleniti reiciendis.,283
284,Aliquid unde porro alias.,284
285,Ex iste.,285
286,Omnis deserunt quaerat dolores aut.,286
287,Quaerat dolorem ullam fugit.,287
288,Et quia.,288
289,Accusantium veritatis dolor cumque reprehenderit.,289
290,Nostrum praesentium hic.,290
291,Quisquam aperiam sed.,291
292,Eos error et.,292
293,Maiores eos vitae facilis.,293
294,Minima sapiente ipsum necessitatibus.,294
295,Voluptates harum.,295
296,Alias quisquam facere adipisci.,296
297,Laborum accusamus consequuntur accusantium explicabo.,297
298,Provident dolore est.,298
299,Ipsum eligendi doloremque amet.,299
300,Sapiente neque ipsa.,300
301,Vel pariatur.,301
302,Pariatur numquam voluptatum veniam.,302
303,Asperiores expedita possimus.,303
304,Alias ab ipsum.,304
305,Consequatur illo saepe.,305
306,Occaecati id tenetur aliquid.,306
307,Porro qui alias tenetur.,307
308,Facere suscipit nobis voluptate.,308
309,Blanditiis dolorem consequuntur.,309
310,Repellat fugiat quibusdam dicta ab.,310
311,Distinctio id molestiae.,311
312,Ducimus voluptatum iure id.,312
313,Sunt fugiat quae.,313
314,Vel iste quae impedit quidem.,314
315,Molestias nostrum reprehenderit.,315
316,Delectus minus id perspiciatis.,316
317,Sapiente earum eligendi aperiam.,317
318,Totam odio velit.,318
319,Quibusdam error totam.,319
320,Repellat expedita quod.,320
321,Corrupti occaecati cupiditate.,321
322,Animi pariatur minus repellat.,322
323,Porro unde.,323
324,Ratione architecto consequuntur.,324
325,Nostrum labore dolorem.,325
326,Quibusdam occaecati aliquam suscipit.,326
327,Atque praesentium necessitatibus sunt.,327
328,Nobis explicabo officiis.,328
329,Quod reiciendis laboriosam unde.,329
330,Impedit quas ullam sequi quasi.,330
331,Voluptate quod.,331
332,Itaque commodi.,332
333,Alias doloribus.,333
334,Commodi iusto dolores.,334
335,Fuga ratione excepturi.,335
336,Expedita assumenda nemo.,336
337,Quisquam praesentium voluptatum quidem.,337
338,Error quaerat aliquid.,338
339,Magnam accusamus.,339
340,Voluptas et perspiciatis.,340
341,Vero eligendi est.,341
342,Perspiciatis animi laudantium.,342
343,Error omnis.,343
344,Repellendus odit provident voluptas.,344
345,Dolores possimus accusantium tempora dolorum.,345
346,Quia vel repudiandae fuga.,346
347,Tempore debitis asperiores libero.,347
348,Autem sed architecto.,348
349,Earum consequatur consequuntur.,349
350,Harum consectetur error dolorem.,350
351,Dolorem quisquam eaque officiis.,351
352,Asperiores repellendus maiores.,352
353,Nobis repellat quaerat.,353
354,Commodi occaecati incidunt atque.,354
355,Explicabo deleniti aspernatur itaque atque.,355
356,Eaque dicta architecto quidem porro.,356
357,Eum sed ut voluptates veritatis.,357
358,Qui magni quasi delectus.,358
359,Numquam voluptatum non fugiat.,359
360,Consectetur architecto quidem laudantium.,360
361,Dolorum accusamus nobis.,361
362,Impedit recusandae ea culpa.,362
363,Tempora perspiciatis perspiciatis fugit.,363
364,Corporis pariatur consectetur qui.,364
365,Temporibus sed aliquid.,365
366,Illo ducimus tenetur placeat numquam.,366
367,Dolore maxime consequatur.,367
368,Et tempore illo.,368
369,In maxime nihil a.,369
370,In dignissimos esse soluta adipisci.,370
371,A eius repudiandae.,371
372,Repellat dicta.,372
373,Iusto facilis explicabo consectetur.,373
374,Maxime provident minima.,374
375,Natus maxime ratione.,375
376,Ad culpa aliquid.,376
377,Doloribus id aperiam officiis.,377
378,Temporibus laborum.,378
379,Dolorum adipisci delectus exercitationem.,379
380,Labore in.,380
381,Tempora dolorem.,381
382,Nihil quaerat et.,382
383,Quisquam eveniet tempora.,383
384,Aliquam laudantium dolorum modi.,384
385,Amet explicabo optio.,385
386,Quibusdam alias aliquid nobis tenetur.,386
387,Commodi quia praesentium delectus ad.,387
388,Ex perspiciatis.,388
389,Dicta ullam quae ab.,389
390,Totam ipsam autem dolorem.,390
391,Atque laborum esse earum occaecati.,391
392,Earum illo modi.,392
393,Iusto velit distinctio vel.,393
394,Quos ex sunt blanditiis.,394
395,At odit praesentium tenetur deleniti.,395
396,Excepturi error perspiciatis.,396
397,Esse quam.,397
398,Quo omnis impedit totam dolorem.,398
399,Eum cupiditate aperiam provident voluptate.,399
400,Pariatur molestias nobis dicta.,400
401,Explicabo recusandae labore.,401
402,Illum eius quaerat.,402
403,Adipisci tempore voluptatum.,403
404,Sapiente enim error magni numquam.,404
405,Deserunt fuga aspernatur at.,405
406,Repellendus neque minus.,406
407,Ducimus odit nam.,407
408,Magni reprehenderit cum.,408
409,Officiis maxime.,409
410,Explicabo eligendi voluptate accusantium.,410
411,Saepe omnis molestiae.,411
412,Pariatur rerum quidem mollitia veniam.,412
413,Ad voluptatem laboriosam illum.,413
414,At qui inventore eos cumque.,414
415,Quibusdam quisquam in.,415
416,Libero optio sed.,416
417,Nobis repellendus unde quam.,417
418,Non commodi odit quia.,418
419,Corrupti vitae ea tenetur nihil.,419
420,Sequi maiores corporis.,420
421,Culpa dolorum.,421
422,Consectetur excepturi sit ipsam.,422
423,Aut itaque quis fugiat porro.,423
424,Eum fugiat unde aut ad.,424
425,Est facere deleniti voluptates.,425
426,Nostrum magnam id.,426
427,Voluptatibus magni adipisci.,427
428,Ratione itaque.,428
429,Necessitatibus consectetur.,429
430,Laudantium ab.,430
431,Odit quas.,431
432,Error temporibus.,432
433,Accusantium a libero qui.,433
434,Quis at sunt assumenda magnam.,434
435,Consequatur voluptates.,435
436,Occaecati nemo repudiandae dolorum voluptatibus.,436
437,Dolorum nulla eveniet exercitationem consequatur.,437
438,Harum molestiae id.,438
439,Est cum asperiores.,439
440,Repellat repellat expedita.,440
441,Alias dignissimos ut laboriosam.,441
442,Dolorum minus error.,442
443,Quia natus ducimus dolores possimus.,443
444,Atque reiciendis eius.,444
445,Nulla quae architecto nesciunt similique.,445
446,Minus culpa illo ad.,446
447,Labore dicta non possimus voluptatum.,447
448,Tenetur id aspernatur aspernatur.,448
449,Mollitia doloremque aliquid.,449
450,Error vel.,450
451,Dicta sunt soluta adipisci itaque.,451
452,Veritatis at.,452
453,Culpa dolor nostrum.,453
454,Repellendus tenetur impedit.,454
455,Dolor possimus exercitationem officiis.,455
456,Inventore dolor.,456
457,Optio ipsa.,457
458,Dolore consectetur autem sit.,458
459,Voluptatum deleniti cum.,459
460,Est nisi eos tenetur animi.,460
461,Iste occaecati quam eligendi.,461
462,Voluptatem explicabo sed repudiandae.,462
463,Corrupti qui aut repudiandae.,463
464,Aliquid laborum eos.,464
465,Necessitatibus repellat quam corporis.,465
466,Excepturi voluptatum quam natus corrupti.,466
467,Dignissimos facere saepe.,467
468,Commodi distinctio nobis unde.,468
469,Repudiandae non quidem aperiam.,469
470,Harum numquam expedita in amet.,470
471,Facilis nemo expedita odit.,471
472,Sint illo.,472
473,Repudiandae pariatur ipsam.,473
474,Sapiente blanditiis nisi.,474
475,Labore at repellat.,475
476,Neque eligendi minus nulla saepe.,476
477,Labore eveniet vitae non.,477
478,Accusamus dolore voluptates aspernatur.,478
479,Mollitia sint repellendus cupiditate fugiat.,479
480,Excepturi ea rem beatae possimus.,480
481,Hic expedita ad ipsam numquam.,481
482,Corporis eligendi consequatur.,482
483,Magni accusamus fuga vel ratione.,483
484,Recusandae asperiores sunt voluptatum.,484
485,Maxime sunt nisi ratione.,485
486,Eum cum eius omnis cupiditate.,486
487,Repudiandae quos alias architecto.,487
488,Vitae ad officiis.,488
489,Sequi occaecati saepe.,489
490,Quam at.,490
491,Asperiores quasi amet alias.,491
492,Animi aliquam iste cupiditate.,492
493,Reprehenderit culpa hic repudiandae.,493
494,Voluptatibus aliquam placeat a.,494
495,Nisi reiciendis commodi rem.,495
496,Quas culpa delectus.,496
497,Ad hic id.,497
498,Temporibus non deserunt atque.,498
499,Dolore modi inventore.,499
500,Quas voluptatum saepe.,500
501,Esse totam aut quam.,501
502,Expedita veritatis reiciendis reprehenderit reprehenderit.,502
503,A praesentium totam porro.,503
504,Ipsum voluptate praesentium.,504
505,Sapiente distinctio porro expedita.,505
506,Quo minus.,506
507,Accusantium non laborum eaque.,507
508,Corporis repellat quia necessitatibus.,508
509,Nisi provident dolores voluptatibus corrupti.,509
510,Eius quis natus.,510
511,Aperiam illo delectus eos suscipit.,511
512,Cum doloribus veniam.,512
513,Eos magnam dolores adipisci ipsa.,513
514,Saepe commodi dolorum exercitationem.,514
515,Magnam nulla fuga.,515
516,Sunt distinctio eum.,516
517,Impedit eligendi voluptatem in.,517
518,Explicabo dolore cumque deserunt.,518
519,Error ipsum laborum.,519
520,Dolorum dicta quas quo.,520
521,Perferendis possimus minima a.,521
522,Laudantium aliquid nihil deserunt quos.,522
523,Porro possimus.,523
524,Dicta modi nihil fuga facilis.,524
525,Voluptate iure quos accusamus.,525
526,Voluptatibus cumque ipsum.,526
527,Omnis quae.,527
528,Occaecati aliquid sed earum.,528
529,Incidunt consectetur alias doloremque.,529
530,Incidunt dicta.,530
531,Neque facere.,531
532,Eos perferendis sapiente ipsum.,532
533,Illum vero veritatis tempora alias.,533
534,Tempora dolores.,534
535,Ipsa quae.,535
536,Quia cum fuga culpa.,536
537,Expedita eligendi sequi.,537
538,Illo eos.,538
539,Nobis molestias occaecati omnis occaecati.,539
540,Sint repellendus laboriosam.,540
541,Omnis harum eius repellat qui.,541
542,Facere cum exercitationem at.,542
543,Iure facilis sapiente.,543
544,Nihil ut animi at molestias.,544
545,Ducimus error.,545
546,Nemo temporibus iusto dolorum quibusdam.,546
547,Dicta doloribus.,547
548,Officiis qui.,548
549,Minus asperiores beatae maxime voluptas.,549
550,Similique maiores error harum.,550
551,Odit debitis.,551
552,Cumque minima sed quo.,552
553,Eius quae iste.,553
554,Accusantium a illo saepe.,554
555,Repellat placeat eius.,555
556,A aliquid veniam.,556
557,Cumque eum fugit vitae.,557
558,Magni doloribus quam beatae aliquid.,558
559,Reiciendis voluptatibus ducimus.,559
560,Ipsam odit explicabo officia quasi.,560
561,Illum cupiditate ea.,561
562,Nobis fuga.,562
563,Dolore quibusdam.,563
564,Quis sed cum nihil vero.,564
565,Porro eum aspernatur consequatur.,565
566,Eum alias.,566
567,Perspiciatis natus placeat iste.,567
568,Alias minus maxime cumque.,568
569,Aliquam molestiae modi.,569
570,Laboriosam possimus dolore vel.,570
571,Repellendus alias placeat.,571
572,Explicabo deserunt accusantium minus.,572
573,Aspernatur nostrum ut accusamus.,573
574,Cum corporis id.,574
575,Id accusamus.,575
576,Enim dicta officiis.,576
577,Fugit tenetur.,577
578,Unde necessitatibus nulla impedit.,578
579,Sequi dolore amet hic.,579
580,Minus minima hic deserunt.,580
581,Odio placeat voluptatibus.,581
582,Aperiam eaque distinctio nam itaque.,582
583,Beatae iure occaecati porro.,583
584,Et aperiam commodi ducimus.,584
585,Blanditiis ullam nemo quo.,585
586,Sequi quo pariatur doloribus ullam.,586
587,Ea iure earum vero.,587
588,Animi quia.,588
589,Eius ad eaque nesciunt sapiente.,589
590,Fugiat ratione quo.,590
591,In modi expedita fugiat.,591
592,Fugit assumenda sit impedit.,592
593,Vitae molestiae labore impedit.,593
594,Pariatur sit quisquam.,594
595,Minus deserunt eum quos.,595
596,Fuga voluptates pariatur facere.,596
597,Quibusdam nesciunt iusto.,597
598,Dignissimos beatae rerum maiores.,598
599,Velit repellendus ullam.,599
600,Adipisci voluptates.,600
601,Incidunt quia.,601
602,Sit hic.,602
603,Enim et dignissimos aperiam dolor.,603
604,Omnis deleniti expedita.,604
605,Tempore enim a.,605
606,Ab reprehenderit harum laboriosam.,606
607,Veritatis reprehenderit nesciunt incidunt.,607
608,Ducimus numquam deleniti consequuntur nobis.,608
609,Labore dolorum maxime.,609
610,Neque tempora soluta.,610
611,Blanditiis delectus animi nostrum.,611
612,Fugiat rerum laborum aut.,612
613,Rerum laudantium consequuntur.,613
614,Soluta officiis nemo.,614
615,Laudantium non.,615
616,Aperiam architecto a.,616
617,Expedita molestias.,617
618,Minus est modi nobis laudantium.,618
619,Quasi vero adipisci.,619
620,Molestiae ipsam atque.,620
621,Ab ipsum distinctio.,621
622,Dolor distinctio impedit blanditiis.,622
623,Sequi officia.,623
624,Nulla dolorum sunt tenetur assumenda.,624
625,Eos maxime beatae.,625
626,Veritatis officia.,626
627,Laboriosam corrupti eius.,627
628,Vel dolore.,628
629,Iusto autem ratione quod.,629
630,Voluptate laudantium laborum repellat.,630
631,Necessitatibus commodi praesentium ab.,631
632,Consectetur iste sapiente.,632
633,Libero nihil.,633
634,Libero distinctio.,634
635,Recusandae hic voluptatum error dolore.,635
636,Adipisci quam neque repudiandae.,636
637,Voluptatem aspernatur minima.,637
638,Aspernatur quibusdam dignissimos.,638
639,Ab officia et.,639
640,Iure illum minus quia.,640
641,Consectetur nisi voluptate.,641
642,Recusandae deserunt.,642
643,Eos consectetur hic dolorum.,643
644,Sed earum.,644
645,Praesentium dicta.,645
646,Natus culpa repellendus.,646
647,Vero possimus quibusdam tenetur.,647
648,Architecto laborum autem ea enim.,648
649,Quis architecto.,649
650,Magnam delectus dolorum sit cumque.,650
651,Ut facere placeat.,651
652,Voluptatem architecto quibusdam nemo neque.,652
653,Ratione quis eos voluptatibus minima.,653
654,Vero itaque sunt.,654
655,Porro incidunt saepe numquam.,655
656,Voluptatum dolor dolore.,656
657,Nisi nulla voluptas veritatis corporis.,657
658,Nulla totam cupiditate reiciendis.,658
659,Corporis voluptate.,659
660,Ducimus nam fugiat cum.,660
661,Doloremque molestias perspiciatis maiores.,661
662,Vero amet expedita.,662
663,Distinctio ratione.,663
664,Dolorem temporibus.,664
665,Numquam architecto voluptatibus aliquam.,665
666,Repellat enim dolore porro aliquid.,666
667,Quam praesentium corrupti sequi voluptatibus.,667
668,Ullam esse ipsam.,668
669,Odio repudiandae ad sed.,669
670,Illo accusamus.,670
671,Eaque aperiam dignissimos qui fugiat.,671
672,Rem suscipit.,672
673,Modi neque ullam perferendis.,673
674,Eos repellendus itaque illum magni.,674
675,Dolor error veritatis illum.,675
676,Nostrum quasi itaque iste.,676
677,Aperiam consequuntur.,677
678,Architecto minus laudantium excepturi.,678
679,Dolores occaecati corporis in.,679
680,Tenetur quam maxime.,680
681,Eius deserunt.,681
682,Explicabo hic quam velit nam.,682
683,Rem occaecati.,683
684,Magni qui assumenda odio.,684
685,Voluptatem doloremque minima.,685
686,Maiores impedit occaecati magni.,686
687,Autem doloribus.,687
688,Corporis ex voluptates.,688
689,Sequi at et assumenda neque.,689
690,Hic odit at veritatis officia.,690
691,Sint similique itaque harum.,691
692,Expedita provident ducimus accusantium.,692
693,Perferendis aperiam architecto explicabo.,693
694,Quae neque ducimus.,694
695,Consequatur quo sed sunt.,695
696,Officia officia ab voluptate.,696
697,Molestias architecto repellendus necessitatibus.,697
698,Ullam praesentium optio tempore ea.,698
699,Alias animi unde recusandae.,699
700,Tempora ratione ut possimus.,700
701,Atque consequatur ab.,701
702,Eveniet quaerat.,702
703,Officia ipsam debitis magni cupiditate.,703
704,Excepturi optio ex at exercitationem.,704
705,Fugit dignissimos numquam itaque rem.,705
706,Et molestias a atque.,706
707,Molestias placeat eaque voluptatibus.,707
708,Id molestias ut.,708
709,Enim maiores tempora quaerat.,709
710,Dolores placeat nobis.,710
711,Quos doloribus aperiam vel.,711
712,Esse sequi.,712
713,Aliquid laborum.,713
714,Quod animi vero.,714
715,Fugit porro.,715
716,Blanditiis aliquam nobis consequatur.,716
717,Eligendi illum esse excepturi saepe.,717
718,Numquam laboriosam molestiae ipsa.,718
719,Fuga aliquid repellendus quidem.,719
720,At dolores fugiat saepe.,720
721,Quae vel assumenda adipisci.,721
722,Molestiae corrupti.,722
723,Rem magni aliquam pariatur.,723
724,Ex adipisci dolore.,724
725,Amet id officiis.,725
726,Perferendis sit enim rem rem.,726
727,Repellat eum.,727
728,Odio iure doloribus.,728
729,Quo dolorum provident.,729
730,Tempore fugiat eos eaque eaque.,730
731,Iusto molestiae dolorem accusamus dolore.,731
732,Voluptatem ea.,732
733,Aperiam illo necessitatibus.,733
734,Molestias earum quae quaerat.,734
735,Similique ab amet maiores.,735
736,Alias beatae.,736
737,Delectus doloribus fugit.,737
738,Debitis beatae fugiat.,738
739,Et illo.,739
740,Totam unde voluptas soluta.,740
741,Rerum veritatis quod minima pariatur.,741
742,Iure laudantium aspernatur.,742
743,Debitis incidunt maxime provident tempore.,743
744,Possimus saepe facilis voluptatem.,744
745,Debitis explicabo ea.,745
746,Error praesentium laboriosam ipsum eaque.,746
747,Beatae labore ex.,747
748,Delectus consectetur quam rem dolorum.,748
749,Iste accusamus.,749
750,Laboriosam excepturi debitis quae neque.,750
751,Totam corporis iste labore.,751
752,Odio fuga incidunt sapiente.,752
753,Quas temporibus quam numquam.,753
754,Laudantium deleniti perferendis adipisci.,754
755,Officiis sint aperiam.,755
756,Repellendus dolorem quaerat delectus.,756
757,Rerum voluptates animi nostrum.,757
758,Similique at.,758
759,Quae libero minima.,759
760,Laudantium ex nostrum nobis.,760
761,Nihil praesentium praesentium modi officiis.,761
762,Modi vel similique asperiores labore.,762
763,Molestiae expedita sunt esse.,763
764,Eos voluptate est.,764
765,Necessitatibus odit earum.,765
766,Quasi modi totam cumque.,766
767,Voluptatem voluptas vitae.,767
768,Suscipit ab exercitationem.,768
769,Quibusdam illum dignissimos laudantium molestiae.,769
770,Quae reiciendis qui veniam recusandae.,770
771,Eius consequuntur modi magnam tempora.,771
772,Doloremque fugit excepturi dolore voluptatibus.,772
773,Laborum omnis nostrum.,773
774,In totam atque error voluptas.,774
775,Dolores ratione placeat.,775
776,Exercitationem in soluta magni.,776
777,Molestiae eligendi aut.,777
778,Et natus rem.,778
779,Earum itaque laborum tempora porro.,779
780,Nesciunt nemo sit.,780
781,Sunt nam minima odit.,781
782,Fuga facilis.,782
783,Dicta omnis aspernatur.,783
784,Quia in at.,784
785,Officia sequi illo molestiae.,785
786,Asperiores a ex cupiditate iure.,786
787,Exercitationem ducimus vero occaecati.,787
788,Rerum aliquam maiores repellat.,788
789,Occaecati voluptatibus hic.,789
790,Vero rerum dolorem.,790
791,Error modi aperiam non.,791
792,Recusandae nesciunt.,792
793,Sint voluptatibus assumenda.,793
794,Eius voluptates aliquid.,794
795,In animi iusto velit.,795
796,Soluta earum harum facere.,796
797,Delectus unde.,797
798,Veniam dolorem fuga.,798
799,Assumenda suscipit.,799
800,Inventore qui itaque necessitatibus.,800
801,Dolores corporis quasi voluptates veniam.,801
802,Sed voluptatum.,802
803,Reiciendis temporibus ratione nesciunt accusamus.,803
804,Eum velit dolor aut.,804
805,Necessitatibus nobis voluptas.,805
806,Maxime consequuntur a.,806
807,Nisi aut quod velit.,807
808,Molestias doloribus.,808
809,Dolorem eveniet culpa consequatur atque.,809
810,Nihil corrupti illum deserunt.,810
811,Deleniti esse veniam deleniti.,811
812,Iure vitae eius dolor.,812
813,Id eius illo.,813
814,Aspernatur consectetur quos vero.,814
815,In esse.,815
816,Fugit soluta non optio quis.,816
817,Totam consequuntur quae.,817
818,Nulla magnam at.,818
819,Sunt placeat odio quis.,819
820,Accusamus debitis sapiente molestias soluta.,820
821,Neque delectus eaque aut.,821
822,Rem nostrum doloribus.,822
823,Ratione maiores suscipit.,823
824,A quod.,824
825,Assumenda omnis nesciunt.,825
826,Ut illum.,826
827,Fugiat beatae minima sed cum.,827
828,Ut quaerat qui inventore culpa.,828
829,Provident quia magni est.,829
830,Voluptatibus minus minima iusto quo.,830
831,Fugit consectetur quis laudantium.,831
832,Laudantium voluptates.,832
833,Quia at.,833
834,Totam voluptate animi dignissimos.,834
835,Illo nam occaecati officia.,835
836,Laboriosam alias quos.,836
837,Voluptatem deserunt.,837
838,Voluptatibus veniam magnam.,838
839,Quam ut.,839
840,Nisi quidem quaerat occaecati.,840
841,Aspernatur itaque magnam delectus.,841
842,Ab similique ipsam.,842
843,Rem molestiae tenetur ut.,843
844,Nesciunt itaque accusamus.,844
845,Quidem ex.,845
846,Totam temporibus quas.,846
847,Libero odio libero voluptatibus doloribus.,847
848,Explicabo possimus.,848
849,Porro explicabo beatae maxime autem.,849
850,Dolor voluptatem at fuga.,850
851,Repellat quia.,851
852,Non atque quisquam.,852
853,Sequi quos ipsam asperiores.,853
854,Rem similique assumenda.,854
855,Accusantium esse.,855
856,Iste ut.,856
857,Repudiandae magni dolore.,857
858,Assumenda consectetur.,858
859,Aperiam exercitationem.,859
860,Cupiditate provident sed odit.,860
861,Quia officia.,861
862,Vel libero itaque delectus laborum.,862
863,Pariatur vel enim.,863
864,Quas ex fuga.,864
865,Harum harum.,865
866,Consequuntur ipsam non.,866
867,Explicabo voluptates veritatis deserunt laborum.,867
868,Perferendis ipsum rerum.,868
869,Explicabo atque quisquam odit.,869
870,Aliquam non.,870
871,Impedit ab.,871
872,Id quasi labore praesentium at.,872
873,Vel magni ut.,873
874,Sint a officiis unde vero.,874
875,Occaecati magnam officia.,875
876,Eius quam quidem molestiae.,876
877,Maxime earum autem at veniam.,877
878,Blanditiis illum nam.,878
879,Reprehenderit veniam tenetur impedit corrupti.,879
880,Et non tempora aliquid blanditiis.,880
881,Tenetur itaque officiis excepturi ipsum.,881
882,Temporibus maxime temporibus accusamus.,882
883,Facilis odit deserunt eligendi.,883
884,Maxime et at laborum eveniet.,884
885,Soluta veritatis doloremque eveniet.,885
886,Sed quam reiciendis.,886
887,Exercitationem eos perspiciatis est.,887
888,Aspernatur est voluptatem error.,888
889,Sint laboriosam veniam non.,889
890,Earum veritatis qui itaque.,890
891,Officia repellat maiores labore eaque.,891
892,Doloremque possimus possimus.,892
893,Natus eum sequi a.,893
894,Voluptatum eligendi vero veniam non.,894
895,Aperiam delectus similique laboriosam modi.,895
896,Delectus occaecati sapiente cum.,896
897,Voluptatem laboriosam quaerat repellendus.,897
898,Exercitationem itaque.,898
899,Modi enim nesciunt.,899
900,Magnam amet quo eveniet.,900
901,Tenetur libero esse molestiae.,901
902,Architecto sapiente sequi.,902
903,Esse exercitationem alias corrupti quas.,903
904,Culpa ipsam facilis quasi sed.,904
905,Enim hic dolore rem.,905
906,Magnam eligendi unde quae modi.,906
907,Repellat eius.,907
908,Unde qui consectetur nihil hic.,908
909,Provident enim iste.,909
910,Eligendi at alias illo odio.,910
911,Eius cupiditate expedita saepe dolore.,911
912,Nam consectetur at veritatis veniam.,912
913,Asperiores nulla repellat laborum inventore.,913
914,Perferendis praesentium quas ab.,914
915,Veniam quis.,915
916,Repellendus cupiditate.,916
917,Cupiditate accusamus porro.,917
918,Rem magni.,918
919,Inventore cumque.,919
920,Impedit doloribus laborum.,920
921,Harum possimus.,921
922,Esse ducimus veniam.,922
923,Sint voluptatem occaecati voluptates tempora.,923
924,Rerum ea minima.,924
925,Nam saepe.,925
926,Necessitatibus vel omnis.,926
927,Nulla cum itaque in.,927
928,Cupiditate velit vel non.,928
929,Rem dignissimos.,929
930,Corporis molestiae sapiente adipisci suscipit.,930
931,Dignissimos voluptatem autem vel ut.,931
932,Nulla soluta excepturi qui.,932
933,Earum eveniet illo.,933
934,Consectetur possimus culpa ipsam optio.,934
935,Nemo architecto quidem.,935
936,Deserunt deleniti asperiores doloremque nihil.,936
937,Occaecati suscipit quibusdam eligendi.,937
938,Rem nulla.,938
939,Est quas pariatur veniam eius.,939
940,Ducimus voluptate velit.,940
941,Veritatis quidem aliquam a mollitia.,941
942,Hic voluptatum.,942
943,Esse impedit reprehenderit.,943
944,Sed perspiciatis.,944
945,Vel asperiores.,945
946,Sapiente at velit culpa.,946
947,Placeat neque debitis non.,947
948,Molestias minima voluptate doloribus.,948
949,Adipisci quae illum nihil.,949
950,Minus esse ad natus eaque.,950
951,Modi harum assumenda totam eum.,951
952,Iste nulla voluptatem ea.,952
953,Perferendis numquam commodi.,953
954,Quibusdam asperiores amet.,954
955,Autem sunt aperiam officia.,955
956,Id nobis totam.,956
957,Ut alias odit.,957
958,Iusto quasi iusto impedit.,958
959,Iste expedita deleniti at dolore.,959
960,Optio expedita cupiditate voluptate.,960
961,Excepturi eaque quisquam.,961
962,Placeat unde.,962
963,Voluptas animi quis.,963
964,Laudantium nemo dignissimos ea.,964
965,Quaerat consequuntur.,965
966,Adipisci rerum accusantium optio.,966
967,In accusamus adipisci.,967
968,Exercitationem nemo aspernatur tenetur.,968
969,Optio inventore nihil nesciunt doloribus.,969
970,Nemo voluptas perspiciatis eligendi.,970
971,Autem magni nesciunt.,971
972,At rem.,972
973,Ut quia itaque.,973
974,Rem maxime vero aperiam at.,974
975,Nostrum optio.,975
976,Ducimus asperiores fugit consequuntur.,976
977,Sequi itaque.,977
978,Et maxime repudiandae ea.,978
979,Quo qui.,979
980,Id repellat officia temporibus est.,980
981,Odit eaque atque magnam pariatur.,981
982,Consectetur voluptatibus voluptate.,982
983,Sapiente nemo.,983
984,Libero magnam itaque.,984
985,Praesentium reiciendis.,985
986,Quo velit.,986
987,In at rem sit perspiciatis.,987
988,Consectetur eveniet voluptates ullam nulla.,988
989,Tempora expedita impedit inventore.,989
990,Quibusdam iure excepturi.,990
991,Ipsa laboriosam quam recusandae.,991
992,Impedit provident nostrum.,992
993,Aliquam quaerat minima.,993
994,Mollitia possimus fuga fugit.,994
995,Unde hic recusandae.,995
996,Rerum tempora at placeat.,996
997,Velit earum illum officiis.,997
998,Eos eaque odio facilis recusandae.,998
999,Atque repellat modi mollitia.,999
1000,Accusamus dicta molestias nulla.,1000
1001,Eum magnam labore.,1001
1002,Maiores eius molestiae voluptatibus.,1002
1003,Amet ipsum ipsa.,1003
1004,Tenetur numquam ipsum molestiae a.,1004
1005,Veniam laudantium rem.,1005
1006,Doloremque officiis animi.,1006
1007,Sint animi aperiam.,1007
1008,Soluta nesciunt quos natus modi.,1008
1009,Alias ratione beatae.,1009
1010,At quam enim.,1010
1011,Occaecati adipisci ut sunt.,1011
1012,Asperiores eveniet alias enim.,1012
1013,Iure libero amet officia animi.,1013
1014,Eaque perferendis ab eius.,1014
1015,Eius delectus.,1015
1016,Beatae odio provident.,1016
1017,Est nemo amet enim illum.,1017
1018,Excepturi laborum doloribus.,1018
1019,Dicta quam.,1019
1020,Nobis eveniet nobis.,1020
1021,Corrupti illum eligendi ratione.,1021
1022,Blanditiis rerum tempore.,1022
1023,Error cum molestiae corrupti.,1023
1024,Amet deleniti velit.,1024
1025,At repudiandae minus nihil voluptatum.,1025
1026,Totam similique.,1026
1027,Harum nostrum deserunt voluptates atque.,1027
1028,Laboriosam consequuntur sint.,1028
1029,Voluptates quia odit placeat magnam.,1029
1030,Molestias voluptas expedita.,1030
1031,Maiores cumque rem.,1031
1032,Rem nobis reprehenderit nobis incidunt.,1032
1033,Enim ducimus.,1033
1034,Error pariatur eum.,1034
1035,Labore magni doloribus.,1035
1036,Accusantium quidem ipsam.,1036
1037,Voluptate at quae.,1037
1038,Repellendus animi hic magni.,1038
1039,Sed eos sit dolorum.,1039
1040,Aspernatur quod architecto.,1040
1041,Impedit illum consequatur vitae saepe.,1041
1042,Est dolorum tempore voluptate.,1042
1043,Dicta molestiae nobis delectus.,1043
1044,Molestias laboriosam vel.,1044
1045,Nesciunt sunt perspiciatis.,1045
1046,Dignissimos perferendis eaque sed veritatis.,1046
1047,Aliquam eius quibusdam voluptas tenetur.,1047
1048,Perferendis ducimus dolores.,1048
1049,Culpa deleniti officia vel.,1049
1050,Quos laudantium tempora ipsam.,1050
1051,Sed laborum quaerat.,1051
1052,Perferendis dignissimos sit.,1052
1053,Quos aliquam impedit hic.,1053
1054,Tempore magni ea optio delectus.,1054
1055,Quibusdam vitae expedita expedita.,1055
1056,Voluptates molestiae natus.,1056
1057,Nostrum veritatis rerum id.,1057
1058,Architecto quos.,1058
1059,Ad ad neque.,1059
1060,Minus architecto.,1060
1061,Praesentium at ipsum voluptate.,1061
1062,Quaerat porro at sequi quaerat.,1062
1063,Veritatis nemo eveniet.,1063
1064,Animi sit.,1064
1065,Cupiditate ratione ipsa iure.,1065
1066,Aliquam expedita maiores odio aperiam.,1066
1067,Voluptates eaque veniam.,1067
1068,Quisquam placeat explicabo quibusdam maiores.,1068
1069,Facere vero perferendis voluptatum.,1069
1070,Maxime error facere.,1070
1071,Doloribus sapiente maxime.,1071
1072,Qui facere rerum.,1072
1073,Ut et.,1073
1074,Provident nulla odio pariatur.,1074
1075,Vel adipisci.,1075
1076,Rerum dolorem error voluptate.,1076
1077,Voluptatibus alias accusantium nam tempore.,1077
1078,Rerum fugiat similique.,1078
1079,Repudiandae cupiditate quia.,1079
1080,Sequi libero distinctio.,1080
1081,Accusamus quod fugit dolores fuga.,1081
1082,Dolores reprehenderit iure.,1082
1083,Neque dolore unde.,1083
1084,Unde accusamus voluptatum.,1084
1085,Aliquam reprehenderit natus mollitia veritatis.,1085
1086,Impedit totam dolores.,1086
1087,Ipsam iste laudantium.,1087
1088,Ipsam ad sit quis.,1088
1089,Esse hic consequuntur maxime voluptas.,1089
1090,Dolore debitis.,1090
1091,Cupiditate sit quo sit.,1091
1092,Praesentium at et cupiditate.,1092
1093,Eaque amet repudiandae.,1093
1094,Laudantium vero ducimus.,1094
1095,Optio ad.,1095
1096,Ipsa quibusdam.,1096
1097,Aliquam quisquam dignissimos.,1097
1098,Minima natus.,1098
1099,Id odit asperiores.,1099
1100,Veritatis qui error incidunt.,1100
1101,Cumque adipisci qui.,1101
1102,Adipisci facere rem eius laborum.,1102
1103,Iusto consectetur aperiam.,1103
1104,Consequuntur molestiae quasi adipisci.,1104
1105,Maxime officia voluptas.,1105
1106,Provident suscipit officia.,1106
1107,Temporibus quod distinctio repudiandae.,1107
1108,Iure placeat labore placeat animi.,1108
1109,Minima eius error dolor quo.,1109
1110,Id deserunt.,1110
1111,Asperiores libero.,1111
1112,Consequuntur recusandae consectetur cum.,1112
1113,Recusandae voluptates amet sit iure.,1113
1114,Doloremque dicta culpa nihil.,1114
1115,Vel cupiditate vel.,1115
1116,Sapiente vero eligendi facere.,1116
1117,Aperiam facere assumenda.,1117
1118,Libero illum maxime.,1118
1119,Voluptate nisi.,1119
1120,Officia fugit sequi tempore.,1120
1121,Alias veritatis autem.,1121
1122,Consequuntur veritatis.,1122
1123,Praesentium dolorem error voluptas tempora.,1123
1124,Nesciunt quia non.,1124
1125,Et molestiae minus reiciendis delectus.,1125
1126,Eius repudiandae perspiciatis consectetur commodi.,1126
1127,Cumque velit cum voluptatem commodi.,1127
1128,Neque earum.,1128
1129,Totam quidem suscipit sunt.,1129
1130,Expedita fugit.,1130
1131,Explicabo veritatis quos iste voluptate.,1131
1132,Error dignissimos deleniti quas.,1132
1133,Similique officia.,1133
1134,Doloremque cum veritatis.,1134
1135,Fuga a exercitationem occaecati.,1135
1136,Nihil veritatis fugit sequi.,1136
1137,Nulla eos similique nulla voluptatum.,1137
1138,Atque ratione ad excepturi.,1138
1139,Voluptatem quas explicabo.,1139
1140,Perspiciatis voluptate voluptatum.,1140
1141,Facere corrupti nostrum.,1141
1142,Aliquid ea.,1142
1143,Quidem debitis.,1143
1144,Quis ratione.,1144
1145,Exercitationem error quasi.,1145
1146,Iure dolorem quam.,1146
1147,Expedita quidem modi dolores.,1147
1148,Dicta optio.,1148
1149,Quae repudiandae aperiam aspernatur.,1149
1150,Rerum consectetur numquam esse.,1150
1151,Saepe fuga ad amet.,1151
1152,Maxime ducimus.,1152
1153,Ipsa sequi voluptas in.,1153
1154,Modi pariatur at aliquid pariatur.,1154
1155,Molestias totam veritatis porro odio.,1155
1156,Vel consequuntur necessitatibus.,1156
1157,Iusto corrupti tempore.,1157
1158,Recusandae suscipit maxime aperiam est.,1158
1159,Asperiores ut earum nostrum officiis.,1159
1160,Veritatis cumque.,1160
1161,Voluptate corrupti vero explicabo explicabo.,1161
1162,Adipisci doloribus nisi.,1162
1163,Eos dicta impedit eligendi error.,1163
1164,Ea rem quis eligendi quasi.,1164
1165,Odio mollitia suscipit sapiente.,1165
1166,Repellendus dolor ut eaque laborum.,1166
1167,Ut quidem magni.,1167
1168,Quas quia incidunt.,1168
1169,Tempora voluptate.,1169
1170,Dolorum odio repudiandae dolorem.,1170
1171,Nesciunt cumque magni ab.,1171
1172,Possimus similique iste explicabo.,1172
1173,Id nam porro.,1173
1174,Omnis veritatis.,1174
1175,Sit eaque rem at.,1175
1176,Veritatis dolorem ea id.,1176
1177,Ducimus illum incidunt voluptates.,1177
1178,Incidunt labore nihil praesentium eos.,1178
1179,Cum sequi ad a totam.,1179
1180,Fugit possimus soluta iusto odio.,1180
1181,Dolores inventore excepturi.,1181
1182,Blanditiis labore.,1182
1183,Fuga nulla.,1183
1184,Velit possimus laborum ipsam.,1184
1185,Quaerat modi debitis.,1185
1186,Rem possimus sit.,1186
1187,Unde quidem.,1187
1188,Debitis animi architecto nulla.,1188
1189,At eveniet perferendis incidunt voluptate.,1189
1190,Occaecati quaerat esse culpa.,1190
1191,Architecto beatae.,1191
1192,Fugiat exercitationem fugiat culpa.,1192
1193,Voluptatum ipsa consequatur.,1193
1194,Odit aut nobis.,1194
1195,Neque alias vel doloremque.,1195
1196,Porro voluptates consequatur.,1196
1197,Corporis asperiores cumque.,1197
1198,Facere quae unde recusandae.,1198
1199,Ducimus corporis.,1199
1200,Perspiciatis accusantium quia.,1200
1201,Esse assumenda deleniti.,1201
1202,Magni cum cupiditate iste.,1202
1203,Ex sit.,1203
1204,Dolore eius quibusdam.,1204
1205,Libero facere illum ipsam.,1205
1206,Consectetur impedit odio.,1206
1207,Officiis occaecati culpa nobis tempora.,1207
1208,Iure fuga ipsa.,1208
1209,Iure magnam et expedita enim.,1209
1210,Earum impedit rerum porro.,1210
1211,Molestiae ex ut veniam.,1211
1212,Sunt adipisci ea culpa consectetur.,1212
1213,Et perspiciatis minus aspernatur tempora.,1213
1214,Nobis beatae.,1214
1215,Natus occaecati impedit numquam.,1215
1216,Perspiciatis quas excepturi quia.,1216
1217,Adipisci soluta possimus harum.,1217
1218,Officia consectetur vel.,1218
1219,Assumenda fuga non.,1219
1220,Porro vel tenetur.,1220
1221,Voluptate debitis impedit unde asperiores.,1221
1222,Optio debitis provident dignissimos.,1222
1223,Officiis praesentium molestias ex.,1223
1224,Beatae corrupti similique doloremque.,1224
1225,Facere nemo architecto corporis.,1225
1226,Sunt ipsa doloremque.,1226
1227,Dolorem ea at id.,1227
1228,Rem nesciunt.,1228
1229,Saepe temporibus enim veritatis.,1229
1230,Ipsum placeat ex dolore.,1230
1231,Ipsum laborum perferendis sunt porro.,1231
1232,Non ut error dolorem et.,1232
1233,Velit voluptates unde saepe.,1233
1234,Molestias debitis culpa culpa.,1234
1235,Magnam vitae iste.,1235
1236,Qui sit nemo pariatur.,1236
1237,Magnam qui.,1237
1238,Sequi iure suscipit.,1238
1239,Maiores harum sit.,1239
1240,Itaque quia.,1240
1241,Deserunt at enim ipsum.,1241
1242,Corporis nobis necessitatibus omnis fuga.,1242
1243,Nihil earum occaecati aut.,1243
1244,Ipsum quod possimus modi.,1244
1245,Sed cumque nobis.,1245
1246,A aspernatur in est.,1246
1247,Maxime iusto vel.,1247
1248,Eum amet minus reiciendis.,1248
1249,Laboriosam provident culpa cum repudiandae.,1249
1250,Ab commodi quo quibusdam.,1250
1251,Sit omnis expedita.,1251
1252,Tenetur eaque iste porro.,1252
1253,Ad numquam reprehenderit temporibus.,1253
1254,Architecto perspiciatis ex.,1254
1255,Harum dolores laboriosam sint.,1255
1256,Vel assumenda rerum at.,1256
1257,Eius consequuntur excepturi corporis ducimus.,1257
1258,Rerum adipisci nam consequuntur voluptatum.,1258
1259,Necessitatibus laudantium dolorum dolorem quas.,1259
1260,Tenetur incidunt numquam.,1260
1261,Sint aliquam ullam voluptatum.,1261
1262,Ea saepe.,1262
1263,Laborum amet assumenda est.,1263
1264,Cumque consectetur quis.,1264
1265,Explicabo fugit facere distinctio.,1265
1266,Aliquam doloremque expedita porro totam.,1266
1267,Qui dicta a aliquam.,1267
1268,Nisi maxime maiores.,1268
1269,Distinctio quam odit vero officiis.,1269
1270,Aut expedita eligendi enim laborum.,1270
1271,Tempora modi nesciunt quibusdam error.,1271
1272,Rem consequatur animi similique.,1272
1273,Veritatis vel eveniet nostrum.,1273
1274,Facere illo fuga aperiam.,1274
1275,Occaecati eius.,1275
1276,Assumenda excepturi omnis.,1276
1277,Magni distinctio.,1277
1278,Autem iste quaerat.,1278
1279,Amet esse corrupti quibusdam quasi.,1279
1280,Sit voluptatibus excepturi.,1280
1281,Quia labore dicta commodi.,1281
1282,Odit enim eum soluta.,1282
1283,Tempora facere.,1283
1284,Unde ipsam quam.,1284
1285,Ut ullam.,1285
1286,Voluptatem praesentium suscipit atque.,1286
1287,Dolores at eaque repellat.,1287
1288,Dolorum excepturi.,1288
1289,Blanditiis ratione eos itaque.,1289
1290,Minima illum itaque provident.,1290
1291,Atque esse quibusdam.,1291
1292,Exercitationem est vero nostrum esse.,1292
1293,Repudiandae maxime.,1293
1294,Dolorem at illo rem.,1294
1295,Perferendis harum perspiciatis laborum libero.,1295
1296,Deleniti quaerat necessitatibus.,1296
1297,Nulla inventore quae corrupti.,1297
1298,Iusto accusamus rem quam.,1298
1299,Debitis hic maxime.,1299
1300,Perferendis accusamus ipsum praesentium iste.,1300
1301,Deleniti odit voluptates soluta magnam.,1301
1302,Ducimus aliquam culpa enim.,1302
1303,Maxime rem deserunt.,1303
1304,Accusamus itaque fuga.,1304
1305,Dicta delectus non vero.,1305
1306,Suscipit optio reprehenderit.,1306
1307,Quod similique autem.,1307
1308,Consectetur aut cumque.,1308
1309,Accusantium repellendus totam animi.,1309
1310,Nihil tempora.,1310
1311,Odio eum incidunt.,1311
1312,Minima voluptas vero quia.,1312
1313,Incidunt minus tempore deleniti reiciendis.,1313
1314,Recusandae doloremque numquam ea.,1314
1315,Voluptatem officiis perspiciatis.,1315
1316,Veritatis nobis.,1316
1317,Recusandae perspiciatis beatae praesentium.,1317
1318,Placeat ducimus voluptas corporis.,1318
1319,Qui blanditiis esse.,1319
1320,Dolorum adipisci illum vero nostrum.,1320
1321,Blanditiis aperiam.,1321
1322,Reiciendis quaerat itaque doloremque.,1322
1323,Sed quae atque eum non.,1323
1324,Quas molestiae fugiat ipsum perferendis.,1324
1325,Tenetur impedit maxime eligendi.,1325
1326,Architecto numquam esse necessitatibus sunt.,1326
1327,Dolores veritatis.,1327
1328,In porro doloribus veritatis consectetur.,1328
1329,Nemo praesentium velit.,1329
1330,Atque mollitia amet.,1330
1331,Magni dolorem facilis odit.,1331
1332,Nihil suscipit quam quia.,1332
1333,Suscipit ut.,1333
1334,Aliquid nemo possimus error.,1334
1335,Sequi architecto deleniti ipsum.,1335
1336,Nam quibusdam tempore.,1336
1337,Perspiciatis veritatis corrupti voluptates.,1337
1338,Nemo libero quod alias porro.,1338
1339,Commodi atque aliquid minima.,1339
1340,Ex totam accusamus dignissimos enim.,1340
1341,Culpa natus officiis.,1341
1342,Dolorem impedit asperiores.,1342
1343,Ducimus optio ducimus.,1343
1344,Ex reiciendis quas aspernatur suscipit.,1344
1345,Inventore voluptatum incidunt.,1345
1346,Excepturi magnam officiis ex.,1346
1347,Voluptas corporis.,1347
1348,Iure libero atque modi.,1348
1349,Odio cupiditate tempora maxime.,1349
1350,Vel enim dolorem sit.,1350
1351,Reiciendis corporis pariatur explicabo quod.,1351
1352,Optio sunt totam saepe.,1352
1353,Neque temporibus.,1353
1354,Amet ratione vero dolorum odio.,1354
1355,Nihil dicta.,1355
1356,Cupiditate atque quibusdam unde quam.,1356
1357,Consequuntur voluptate exercitationem hic.,1357
1358,Itaque quis.,1358
1359,Sequi necessitatibus possimus ipsam.,1359
1360,Cum ipsam natus.,1360
1361,Praesentium aliquam facere.,1361
1362,Reiciendis debitis suscipit.,1362
1363,Asperiores nesciunt.,1363
1364,Doloremque perferendis voluptatibus odio.,1364
1365,Maiores id similique beatae.,1365
1366,Incidunt dolorem minima.,1366
1367,Eum ratione quia.,1367
1368,Similique accusamus neque.,1368
1369,Voluptas impedit itaque ex vitae.,1369
1370,Velit accusamus a.,1370
1371,Soluta repellendus.,1371
1372,Sed repudiandae in.,1372
1373,Laboriosam doloremque odit omnis.,1373
1374,Cumque deleniti laudantium.,1374
1375,Fuga aliquam iste.,1375
1376,Temporibus necessitatibus voluptas quos.,1376
1377,Accusamus rem est mollitia expedita.,1377
1378,Optio vero quasi aliquid.,1378
1379,Nihil sit.,1379
1380,Blanditiis dicta deserunt.,1380
1381,Nostrum facere.,1381
1382,Alias corporis.,1382
1383,Impedit dolore.,1383
1384,Eos quas.,1384
1385,Rerum minima magnam.,1385
1386,Illum tempore temporibus doloremque.,1386
1387,Laboriosam delectus accusantium rem nemo.,1387
1388,Alias vero iusto mollitia.,1388
1389,Eius possimus beatae perspiciatis molestiae.,1389
1390,Rem minus itaque.,1390
1391,Excepturi incidunt.,1391
1392,Laboriosam harum veritatis.,1392
1393,Nostrum dolores.,1393
1394,Praesentium laudantium debitis consequatur explicabo.,1394
1395,Atque architecto iste.,1395
1396,Quam vitae numquam maxime.,1396
1397,Fuga eos dolorem consectetur impedit.,1397
1398,Placeat voluptas ab.,1398
1399,Aliquid facere assumenda.,1399
1400,Reiciendis non quidem enim.,1400
1401,Animi numquam expedita alias.,1401
1402,Reiciendis ad porro officia nemo.,1402
1403,Voluptate provident numquam aut facilis.,1403
1404,Adipisci expedita recusandae ab quam.,1404
1405,Consectetur error aspernatur ut neque.,1405
1406,Cupiditate in laudantium.,1406
1407,Asperiores vel illo reiciendis.,1407
1408,Facere pariatur quod similique.,1408
1409,Temporibus sapiente accusamus sint.,1409
1410,Reprehenderit doloribus nulla.,1410
1411,Fuga amet minus a.,1411
1412,Aliquid rerum.,1412
1413,Ea corporis vero.,1413
1414,Sunt provident odit.,1414
1415,Nulla consectetur.,1415
1416,Unde aut necessitatibus numquam.,1416
1417,Quas ipsam vero.,1417
1418,Harum id atque.,1418
1419,Illo officia suscipit dolorem.,1419
1420,Aperiam veritatis.,1420
1421,Cum alias pariatur.,1421
1422,Quisquam ullam.,1422
1423,Sequi inventore natus voluptate.,1423
1424,Unde sequi.,1424
1425,Dolor quasi cupiditate quibusdam dolorem.,1425
1426,Ipsa labore tempora minima quisquam.,1426
1427,Beatae sapiente suscipit.,1427
1428,Omnis doloremque.,1428
1429,Nesciunt ipsum.,1429
1430,Dolore maiores distinctio quis magnam.,1430
1431,Tenetur expedita itaque omnis.,1431
1432,Distinctio ea pariatur porro hic.,1432
1433,Aspernatur repellendus.,1433
1434,Pariatur optio voluptatum distinctio.,1434
1435,Eligendi est.,1435
1436,Repellat doloribus in animi veniam.,1436
1437,Fuga earum deleniti tenetur fuga.,1437
1438,Ducimus labore minima.,1438
1439,Ducimus libero consequuntur.,1439
1440,Recusandae dolore laudantium hic dicta.,1440
1441,Maxime quas illum temporibus.,1441
1442,Commodi vel laudantium perferendis.,1442
1443,A unde quia.,1443
1444,Sequi quos.,1444
1445,Ducimus pariatur tempora dignissimos magnam.,1445
1446,Veritatis quasi ducimus.,1446
1447,Ratione recusandae.,1447
1448,Necessitatibus labore perferendis in minima.,1448
1449,Quidem minima quo.,1449
1450,Commodi nemo debitis.,1450
1451,Rem est similique.,1451
1452,Inventore repudiandae.,1452
1453,Commodi laudantium.,1453
1454,Perspiciatis recusandae.,1454
1455,Nisi quis nisi.,1455
1456,Voluptatibus reiciendis minima.,1456
1457,Vero asperiores ex.,1457
1458,Aspernatur praesentium.,1458
1459,Magnam neque.,1459
1460,Nostrum veniam quas.,1460
1461,Reiciendis quae ducimus.,1461
1462,Saepe sunt aspernatur porro.,1462
1463,Veritatis quo quas esse quos.,1463
1464,Nesciunt fuga recusandae aspernatur.,1464
1465,Reiciendis unde repudiandae sit dolorem.,1465
1466,Natus dicta ducimus cum repudiandae.,1466
1467,At nesciunt.,1467
1468,Fugiat deserunt iste saepe.,1468
1469,Voluptas reprehenderit asperiores quisquam saepe.,1469
1470,Dignissimos optio facere minus doloribus.,1470
1471,Harum id accusamus similique doloribus.,1471
1472,Temporibus at.,1472
1473,Suscipit reprehenderit cumque.,1473
1474,Voluptatibus officia.,1474
1475,Quibusdam amet et.,1475
1476,Enim facilis quod.,1476
1477,Numquam ab vitae.,1477
1478,Temporibus totam.,1478
1479,Necessitatibus velit eaque.,1479
1480,Repudiandae iusto necessitatibus.,1480
1481,Quam eveniet commodi.,1481
1482,Officiis natus consequatur mollitia facilis.,1482
1483,Provident sunt ipsa.,1483
1484,Necessitatibus illum.,1484
1485,Nulla aliquam.,1485
1486,Possimus aperiam nobis.,1486
1487,Amet eveniet laudantium ex.,1487
1488,Sequi totam magnam reiciendis.,1488
1489,Suscipit suscipit amet enim.,1489
1490,Quod cum accusantium veritatis accusantium.,1490
1491,Laborum laborum eius.,1491
1492,Doloremque iusto beatae occaecati sit.,1492
1493,Eos omnis asperiores.,1493
1494,Blanditiis velit exercitationem dolore.,1494
1495,Animi nisi.,1495
1496,Eveniet itaque reprehenderit.,1496
1497,Accusamus ullam ipsa.,1497
1498,Autem illum.,1498
1499,Ea laborum quia.,1499
1500,Non error autem.,1500
1501,Culpa ipsam facilis eius.,1501
1502,Officia necessitatibus iure velit.,1502
1503,Veritatis nihil architecto tenetur.,1503
1504,Perspiciatis dolorum inventore atque rerum.,1504
1505,Molestiae ipsa labore veniam.,1505
1506,Nobis praesentium ab consequatur.,1506
1507,Recusandae est necessitatibus fugiat asperiores.,1507
1508,Laboriosam deleniti dignissimos.,1508
1509,Deleniti deleniti aliquid dolorem similique.,1509
1510,Laudantium doloribus accusantium.,1510
1511,Repudiandae nobis id ex aliquid.,1511
1512,Quam et veniam molestias.,1512
1513,Cupiditate dolore.,1513
1514,Nihil nemo harum fuga.,1514
1515,Dicta autem expedita cumque.,1515
1516,Id occaecati perferendis.,1516
1517,Voluptas quia voluptatum.,1517
1518,Eligendi temporibus dignissimos.,1518
1519,Architecto id doloremque aspernatur.,1519
1520,Necessitatibus natus.,1520
1521,Voluptas soluta vero.,1521
1522,Delectus veniam quas sit dolorem.,1522
1523,Nihil aliquid nisi voluptates.,1523
1524,Vero voluptatum qui sapiente earum.,1524
1525,Fuga itaque sequi mollitia perferendis.,1525
1526,Id delectus commodi.,1526
1527,Minus vitae aspernatur.,1527
1528,Natus in ab numquam.,1528
1529,Beatae nesciunt eius.,1529
1530,Quidem nobis quo consequuntur.,1530
1531,Quae eos impedit.,1531
1532,Doloremque veritatis natus expedita consequatur.,1532
1533,Dicta sed.,1533
1534,Eum delectus.,1534
1535,Quia dolores soluta.,1535
1536,Porro quam atque.,1536
1537,Quo fugiat eaque reprehenderit.,1537
1538,Itaque ab ipsam.,1538
1539,Dolorum fuga.,1539
1540,Provident porro.,1540
1541,Numquam quos nesciunt.,1541
1542,Optio maiores placeat tempora.,1542
1543,Porro ex facere placeat vel.,1543
1544,Odit numquam laborum.,1544
1545,Animi velit voluptates.,1545
1546,Facilis architecto.,1546
1547,Officiis quaerat.,1547
1548,Eveniet sapiente vero.,1548
1549,Possimus repudiandae nostrum.,1549
1550,Fugiat veritatis corrupti hic.,1550
1551,Fugit nulla ullam.,1551
1552,Harum placeat error.,1552
1553,Eveniet molestiae dolore quos vel.,1553
1554,Consectetur adipisci.,1554
1555,Perferendis modi.,1555
1556,Molestias repellendus ullam occaecati cupiditate.,1556
1557,Qui eius eveniet.,1557
1558,Assumenda sunt laborum expedita.,1558
1559,Maiores quo.,1559
1560,Numquam ab.,1560
1561,Error tempora magni exercitationem ipsa.,1561
1562,Consequuntur ea ab.,1562
1563,Fugiat dolore doloribus sed.,1563
1564,Quod hic.,1564
1565,Ullam soluta.,1565
1566,Suscipit commodi doloremque at aliquam.,1566
1567,Ipsa provident error.,1567
1568,Alias doloribus.,1568
1569,Ex nemo.,1569
1570,Qui natus nesciunt quo libero.,1570
1571,Facilis voluptatem repellendus.,1571
1572,Cumque ut amet.,1572
1573,Beatae consequatur rem quasi.,1573
1574,Expedita qui voluptatibus.,1574
1575,Doloribus enim voluptates.,1575
1576,Nam nulla.,1576
1577,Aspernatur tempora quos.,1577
1578,Optio reprehenderit modi.,1578
1579,Nihil dolores alias.,1579
1580,Repellat aliquam deleniti iusto.,1580
1581,Magni totam esse.,1581
1582,Fugiat quod doloribus exercitationem porro.,1582
1583,Enim repudiandae fugiat ullam pariatur.,1583
1584,Reiciendis ullam cupiditate necessitatibus corrupti.,1584
1585,Quae ullam quibusdam.,1585
1586,Ratione velit facere vel modi.,1586
1587,Ullam nam corporis fugit corrupti.,1587
1588,Excepturi dolor architecto illo.,1588
1589,Fuga quis recusandae quia.,1589
1590,Maiores ratione laudantium temporibus.,1590
1591,Voluptate magni dolore dolores.,1591
1592,Tempora distinctio harum incidunt.,1592
1593,Repudiandae harum reiciendis.,1593
1594,Accusantium sapiente.,1594
1595,Illo excepturi laudantium.,1595
1596,Esse natus quos sunt.,1596
1597,At itaque quidem ex.,1597
1598,Earum enim.,1598
1599,Commodi voluptatibus facere iste.,1599
1600,Culpa nemo nulla non.,1600
1601,Velit ab molestias.,1601
1602,Fugiat rerum natus.,1602
1603,Laborum dolorum perferendis fugit provident.,1603
1604,Blanditiis rem harum.,1604
1605,Provident atque cupiditate.,1605
1606,Neque saepe.,1606
1607,Consequatur inventore omnis.,1607
1608,Odio mollitia minima.,1608
1609,Beatae delectus harum.,1609
1610,Quae laborum impedit.,1610
1611,Aliquid quas voluptatum excepturi.,1611
1612,Alias explicabo nulla assumenda nulla.,1612
1613,Minima natus doloribus.,1613
1614,Accusantium recusandae quia.,1614
1615,Asperiores voluptates nesciunt vitae distinctio.,1615
1616,Assumenda veniam accusamus adipisci.,1616
1617,Veritatis voluptatibus aperiam.,1617
1618,Quia ad voluptas fugiat.,1618
1619,Sit neque odit eum quo.,1619
1620,Quod natus labore excepturi.,1620
1621,Nostrum fugiat eligendi.,1621
1622,Asperiores neque et fuga.,1622
1623,Ipsum corporis at vero.,1623
1624,Cum quod.,1624
1625,Ad natus.,1625
1626,Eligendi rem quae est.,1626
1627,Rem facere minus esse.,1627
1628,Dolorum ipsum.,1628
1629,Rerum est ex.,1629
1630,Ullam illum.,1630
1631,Id dolorum.,1631
1632,Sint numquam iusto.,1632
1633,Facilis provident atque voluptatem.,1633
1634,Ratione fugiat veritatis.,1634
1635,Architecto molestias nisi quis nemo.,1635
1636,Consequatur similique alias necessitatibus officia.,1636
1637,Nesciunt totam.,1637
1638,Totam nulla deleniti.,1638
1639,Dicta repudiandae.,1639
1640,Quos eum reprehenderit quos harum.,1640
1641,Quod ratione cum.,1641
1642,Quidem assumenda quidem labore consequuntur.,1642
1643,Suscipit veniam fugiat consequatur.,1643
1644,Corporis sint.,1644
1645,Sit sapiente.,1645
1646,Cumque libero eum cupiditate.,1646
1647,Sit nihil beatae.,1647
1648,Earum autem officia consectetur.,1648
1649,Cum natus nulla voluptatum cumque.,1649
1650,Fugit recusandae laboriosam reprehenderit tempora.,1650
1651,Eius blanditiis magni.,1651
1652,Est ducimus.,1652
1653,Quis ipsum natus.,1653
1654,Animi exercitationem quis excepturi occaecati.,1654
1655,Sit dolore doloremque illum sequi.,1655
1656,Accusantium assumenda maxime.,1656
1657,Est accusamus.,1657
1658,Nam saepe porro.,1658
1659,Laboriosam est praesentium.,1659
1660,Quasi corporis voluptas voluptatem.,1660
1661,Dolor atque sapiente.,1661
1662,Optio porro fugiat eos.,1662
1663,Accusantium neque numquam tempora.,1663
1664,Rerum incidunt ex.,1664
1665,Blanditiis soluta maiores dolorem.,1665
1666,Cum provident repellat.,1666
1667,Minus quisquam animi atque optio.,1667
1668,Sapiente molestiae amet cumque.,1668
1669,Nobis et sequi pariatur dolor.,1669
1670,Velit magni nesciunt nesciunt quis.,1670
1671,Voluptas perspiciatis autem.,1671
1672,Asperiores nesciunt.,1672
1673,Ex tempora amet voluptatibus.,1673
1674,Et ducimus ipsum.,1674
1675,Vero nobis perspiciatis.,1675
1676,Fuga assumenda.,1676
1677,Labore asperiores cupiditate quidem necessitatibus.,1677
1678,Iusto architecto dicta eveniet.,1678
1679,Reiciendis consequatur modi.,1679
1680,Dolorum voluptatem corrupti.,1680
1681,Debitis hic voluptatum.,1681
1682,At perferendis adipisci molestias culpa.,1682
1683,Ex itaque consequatur ipsum vel.,1683
1684,Molestiae voluptatibus consectetur facere.,1684
1685,Vitae dolore id iste explicabo.,1685
1686,Unde totam voluptate maiores.,1686
1687,Aspernatur nihil distinctio optio.,1687
1688,Vel maiores.,1688
1689,Laboriosam possimus magnam.,1689
1690,Officia dolorum et.,1690
1691,Ad repudiandae at.,1691
1692,Nihil quaerat.,1692
1693,Delectus ex occaecati corrupti est.,1693
1694,Iste natus fugit sit.,1694
1695,Autem eum.,1695
1696,Veritatis assumenda itaque.,1696
1697,Ullam expedita debitis iure.,1697
1698,Vitae possimus repudiandae numquam.,1698
1699,Animi ad.,1699
1700,Dicta itaque facere recusandae.,1700
1701,Vitae velit assumenda.,1701
1702,Sed pariatur magni.,1702
1703,Quibusdam veniam repudiandae impedit occaecati.,1703
1704,Unde cumque.,1704
1705,Quo assumenda inventore quibusdam.,1705
1706,Velit velit.,1706
1707,Sed alias temporibus excepturi.,1707
1708,Placeat pariatur cumque unde animi.,1708
1709,Facere quidem tenetur.,1709
1710,Numquam earum vel.,1710
1711,Earum dolorem repellat perspiciatis.,1711
1712,Soluta velit.,1712
1713,Quia hic debitis.,1713
1714,A dicta.,1714
1715,Doloremque temporibus tempora.,1715
1716,Quod eum excepturi exercitationem quidem.,1716
1717,Repellendus quis nam autem.,1717
1718,Sed beatae.,1718
1719,Maxime et fuga.,1719
1720,Quo quia exercitationem.,1720
1721,Sequi temporibus.,1721
1722,Ullam placeat minima facere.,1722
1723,Ea repellat corrupti repudiandae cupiditate.,1723
1724,Ipsam nostrum fuga excepturi.,1724
1725,Omnis ipsum ducimus sint.,1725
1726,Optio molestiae quod laborum repudiandae.,1726
1727,Officiis voluptas.,1727
1728,Natus ducimus.,1728
1729,Error voluptas.,1729
1730,Distinctio explicabo blanditiis.,1730
1731,Ratione architecto maiores eius quisquam.,1731
1732,Fugit repellat adipisci.,1732
1733,Qui alias.,1733
1734,Odit repudiandae nam.,1734
1735,Ea accusantium nisi.,1735
1736,Voluptatum possimus.,1736
1737,Delectus facere quia.,1737
1738,Fugiat unde nesciunt distinctio quam.,1738
1739,Explicabo aliquid itaque.,1739
1740,In voluptate veritatis ipsum.,1740
1741,Placeat amet numquam.,1741
1742,Tenetur quasi.,1742
1743,In similique porro eligendi mollitia.,1743
1744,Reprehenderit repudiandae voluptatibus eaque.,1744
1745,Doloremque iure earum.,1745
1746,Et expedita officia facere.,1746
1747,Quas repellendus pariatur aliquid.,1747
1748,Sed similique ut vitae totam.,1748
1749,Facere sint ratione.,1749
1750,Labore perferendis nostrum hic minima.,1750
1751,Laboriosam veniam expedita eligendi.,1751
1752,In harum debitis excepturi fuga.,1752
1753,Modi exercitationem aliquam.,1753
1754,Animi ex labore.,1754
1755,Odio eligendi et reprehenderit voluptate.,1755
1756,Sint vitae minus.,1756
1757,Quo eos in nihil.,1757
1758,Quibusdam ullam accusantium reiciendis illum.,1758
1759,Eius eligendi minus.,1759
1760,Voluptatem a repellat possimus.,1760
1761,Ducimus suscipit deleniti asperiores quo.,1761
1762,Unde quisquam maiores.,1762
1763,Dolor consequuntur reiciendis odio nemo.,1763
1764,Eum voluptatem illum occaecati.,1764
1765,Nobis assumenda illum non.,1765
1766,Officia explicabo.,1766
1767,Labore quam autem nostrum.,1767
1768,Quo sit inventore temporibus sequi.,1768
1769,Enim doloremque quae sequi.,1769
1770,Iure eveniet.,1770
1771,Velit accusantium quidem similique id.,1771
1772,Reprehenderit perferendis sunt quo.,1772
1773,Assumenda aspernatur illum.,1773
1774,Ipsa reiciendis.,1774
1775,Cumque rem expedita fugit.,1775
1776,Ea reprehenderit necessitatibus.,1776
1777,Et voluptas rem.,1777
1778,Aspernatur libero.,1778
1779,Earum reprehenderit est.,1779
1780,Commodi tempore aspernatur officia ratione.,1780
1781,Ducimus ad reiciendis.,1781
1782,Facilis vero placeat.,1782
1783,Saepe iste facere.,1783
1784,Ea nam.,1784
1785,Aspernatur est omnis temporibus nemo.,1785
1786,Vel commodi.,1786
1787,Officiis adipisci hic quisquam.,1787
1788,In impedit natus.,1788
1789,Nemo recusandae consectetur.,1789
1790,Tempora libero aspernatur eos.,1790
1791,Repudiandae laboriosam nemo quibusdam eligendi.,1791
1792,Illo optio incidunt ipsum molestiae.,1792
1793,Temporibus suscipit vel.,1793
1794,Facere ipsa praesentium voluptatum.,1794
1795,Fugit numquam.,1795
1796,Dolorem voluptas ullam hic.,1796
1797,Veniam natus libero.,1797
1798,Adipisci excepturi possimus ipsam.,1798
1799,Fuga nobis consectetur.,1799
1800,Eaque minima cum quas quod.,1800
1801,Deleniti delectus nostrum soluta iusto.,1801
1802,Ipsum sunt.,1802
1803,Non tempore ducimus alias.,1803
1804,Unde aut temporibus.,1804
1805,Sunt laboriosam.,1805
1806,Eaque nesciunt sed veniam.,1806
1807,Asperiores perspiciatis commodi quibusdam.,1807
1808,Sint quis.,1808
1809,Magnam voluptatum modi.,1809
1810,Architecto suscipit perferendis est.,1810
1811,Veniam porro dolore ipsa.,1811
1812,Laudantium tenetur quisquam.,1812
1813,Ab omnis molestias fugit.,1813
1814,Voluptatem quod maxime ad.,1814
1815,In eos aspernatur.,1815
1816,Quaerat laudantium cum tenetur.,1816
1817,Deserunt voluptatem unde.,1817
1818,Odit dignissimos aspernatur.,1818
1819,Numquam minima.,1819
1820,Natus illo eos culpa eveniet.,1820
1821,Occaecati quasi fugiat debitis architecto.,1821
1822,Animi nulla impedit necessitatibus iste.,1822
1823,Nulla similique asperiores voluptatum.,1823
1824,Ullam natus fuga.,1824
1825,Veniam fugiat ratione commodi.,1825
1826,Facere dolores non adipisci dolore.,1826
1827,At numquam non atque.,1827
1828,Suscipit alias voluptatem quia modi.,1828
1829,Officiis aspernatur eos qui.,1829
1830,Facilis facilis veritatis recusandae aspernatur.,1830
1831,Ea dolorum.,1831
1832,Accusamus amet eum suscipit.,1832
1833,Reiciendis neque et vero minima.,1833
1834,Cum magnam.,1834
1835,Error consectetur soluta sit ducimus.,1835
1836,Amet recusandae enim.,1836
1837,Ut eius.,1837
1838,Perferendis non quasi praesentium.,1838
1839,Deserunt omnis necessitatibus.,1839
1840,Molestias porro nemo.,1840
1841,Molestias aliquam officia porro quaerat.,1841
1842,Blanditiis nisi quo.,1842
1843,Temporibus dolorum cumque.,1843
1844,Repellat ad rem accusantium nobis.,1844
1845,Laborum quaerat.,1845
1846,Repellendus exercitationem doloremque doloribus amet.,1846
1847,Illum perspiciatis aperiam architecto.,1847
1848,Tenetur odio quae esse.,1848
1849,Dolorum distinctio earum.,1849
1850,Veniam recusandae cumque.,1850
1851,Incidunt possimus in autem fugiat.,1851
1852,Accusamus corporis officia.,1852
1853,Facere optio architecto ratione.,1853
1854,Placeat officiis maiores est.,1854
1855,Eveniet suscipit deserunt.,1855
1856,Minus quo atque ullam.,1856
1857,Possimus aut dolorum.,1857
1858,Nesciunt pariatur tempore amet.,1858
1859,Ullam dolore.,1859
1860,Delectus facilis ratione.,1860
1861,Minus beatae atque.,1861
1862,Quos blanditiis quam quod.,1862
1863,Ratione vel facere eveniet.,1863
1864,Nobis numquam vitae voluptate fuga.,1864
1865,Blanditiis aspernatur minus consectetur eius.,1865
1866,Nemo voluptatibus iure.,1866
1867,Quae reiciendis eligendi.,1867
1868,Quasi cumque totam.,1868
1869,Facere vitae perferendis vel.,1869
1870,Aperiam ea.,1870
1871,Cupiditate praesentium vel exercitationem.,1871
1872,Quae nulla autem.,1872
1873,Nulla neque eius.,1873
1874,Sint dolor quasi.,1874
1875,Error qui deleniti.,1875
1876,Explicabo temporibus at.,1876
1877,Nihil tempore.,1877
1878,Accusamus dolor totam.,1878
1879,Recusandae facilis reprehenderit.,1879
1880,Fuga cumque iure.,1880
1881,Autem impedit facere sequi.,1881
1882,Excepturi inventore assumenda.,1882
1883,Quod perferendis amet.,1883
1884,Officiis voluptas ducimus.,1884
1885,Qui quos quod culpa.,1885
1886,Voluptatem repudiandae in.,1886
1887,Quam cupiditate tempore unde.,1887
1888,Esse enim doloremque deleniti incidunt.,1888
1889,Libero adipisci ad ratione.,1889
1890,Tenetur inventore provident facere ipsa.,1890
1891,Quae itaque nulla voluptates.,1891
1892,Iure beatae.,1892
1893,Quis similique aut distinctio aspernatur.,1893
1894,Sit facere dolor fugiat amet.,1894
1895,Aperiam tempore.,1895
1896,Repudiandae corporis laboriosam ipsa facere.,1896
1897,Odio autem.,1897
1898,Delectus praesentium sint nostrum.,1898
1899,Modi aperiam.,1899
1900,Porro possimus.,1900
1901,Alias quia eaque facilis occaecati.,1901
1902,Cumque quae.,1902
1903,Quaerat vel esse nostrum repellendus.,1903
1904,Asperiores expedita delectus error.,1904
1905,Perspiciatis dignissimos provident.,1905
1906,Inventore cumque nam.,1906
1907,Esse consectetur delectus neque rerum.,1907
1908,Eveniet alias provident.,1908
1909,Quas tempore corrupti voluptate.,1909
1910,Dolore unde hic tempore.,1910
1911,Est ipsam provident.,1911
1912,Maiores vero optio consequatur totam.,1912
1913,Quia nesciunt id.,1913
1914,Deserunt quas animi sapiente.,1914
1915,Iste odit.,1915
1916,Necessitatibus omnis.,1916
1917,Minima fuga.,1917
1918,Ut necessitatibus recusandae.,1918
1919,Eius ad suscipit velit.,1919
1920,Repudiandae perspiciatis illum amet.,1920
1921,Similique eveniet necessitatibus.,1921
1922,Iure sequi esse dolores sed.,1922
1923,Rem libero saepe aut.,1923
1924,Ratione molestiae quam recusandae.,1924
1925,Asperiores veniam illum tenetur.,1925
1926,Veritatis corrupti occaecati.,1926
1927,Molestiae aperiam accusantium similique facilis.,1927
1928,Sunt voluptatem amet vel.,1928
1929,Distinctio reiciendis delectus expedita.,1929
1930,Expedita sunt voluptatem molestiae ratione.,1930
1931,Excepturi autem inventore amet veniam.,1931
1932,In vero ex quaerat.,1932
1933,Laborum libero ipsam.,1933
1934,Dolore voluptas.,1934
1935,Illum iure odit perferendis.,1935
1936,Corporis facilis nemo placeat.,1936
1937,Excepturi earum id.,1937
1938,Minima aliquam tempora.,1938
1939,Expedita quasi debitis quasi suscipit.,1939
1940,Provident iure voluptatum totam.,1940
1941,Reprehenderit inventore eum corporis magnam.,1941
1942,Quae aliquid totam.,1942
1943,Ex numquam hic.,1943
1944,Voluptatibus iure maxime delectus.,1944
1945,Labore odit voluptatem qui distinctio.,1945
1946,Consectetur quasi maxime quam.,1946
1947,Cumque ex alias.,1947
1948,Nisi doloremque unde cupiditate illo.,1948
1949,Minus sunt.,1949
1950,Odit eum cum.,1950
1951,Sed non.,1951
1952,Ducimus quas tempora numquam.,1952
1953,Corporis at.,1953
1954,Tenetur dolorem velit.,1954
1955,Natus voluptatem ab.,1955
1956,Amet dolorum qui ex quidem.,1956
1957,Perspiciatis expedita quia ratione laboriosam.,1957
1958,Itaque iste.,1958
1959,Libero officiis inventore odio quas.,1959
1960,Minus aliquam distinctio ab.,1960
1961,A laudantium expedita laudantium.,1961
1962,Sit odio.,1962
1963,Tempore architecto.,1963
1964,Quas rerum.,1964
1965,Pariatur commodi perspiciatis eligendi sed.,1965
1966,Quidem animi cupiditate delectus minima.,1966
1967,Nisi aspernatur omnis.,1967
1968,Reprehenderit voluptatibus.,1968
1969,Vitae molestiae quis.,1969
1970,Inventore animi repellendus suscipit quasi.,1970
1971,Dolores consequatur mollitia consequuntur suscipit.,1971
1972,Tempora harum odit quis.,1972
1973,Sequi qui alias blanditiis.,1973
1974,Commodi sapiente voluptate aliquid dicta.,1974
1975,Quas odio sed.,1975
1976,Corporis dolores voluptas accusamus vel.,1976
1977,Consequatur eum laudantium.,1977
1978,Quidem quaerat.,1978
1979,Quae corrupti in commodi.,1979
1980,Totam consequatur reprehenderit.,1980
1981,Quas cumque placeat temporibus.,1981
1982,Harum neque quos rem hic.,1982
1983,Vel neque soluta nemo.,1983
1984,Minima nihil voluptas.,1984
1985,Est deleniti beatae.,1985
1986,Delectus praesentium tempora blanditiis.,1986
1987,Voluptatibus quaerat voluptatum iste sint.,1987
1988,Incidunt quaerat.,1988
1989,Veniam tenetur alias aliquid.,1989
1990,Assumenda voluptates a.,1990
1991,Exercitationem ipsam ducimus assumenda aliquid.,1991
1992,Iusto ratione enim.,1992
1993,Nam nostrum.,1993
1994,Fugit quasi vero deleniti.,1994
1995,Veritatis quia eum corporis.,1995
1996,Facere veniam sapiente.,1996
1997,Quae aperiam occaecati facere.,1997
1998,Sequi odit iusto eius aliquid.,1998
1999,Culpa porro magni delectus eveniet.,1999
2000,Asperiores cum.,2000
